year,month,expected_days,valid_days,completeness_pct,is_complete_period,mean_temperature_C,mean_max_temperature_C,mean_min_temperature_C,mean_diurnal_range_C,precipitation_mm,mean_relative_humidity_pct,mean_solar_radiation_kWh_m2_day,hot_day_count,frost_day_count,dry_day_count,heavy_rain_day_count,longest_dry_spell_days
1991,1,31,31,100.0,True,4.794838709677419,9.827419354838709,0.48419354838709666,9.343225806451615,149.36,87.72548387096772,7.76709677419355,0,14,16,1,4
1991,2,28,28,100.0,True,7.201785714285714,13.080357142857142,1.9432142857142858,11.137142857142857,79.84000000000002,80.2317857142857,12.076428571428568,0,10,17,0,5
1991,3,31,31,100.0,True,11.08548387096774,16.95483870967742,5.388709677419355,11.566129032258063,181.73,82.74,15.065483870967741,0,4,18,2,8
1991,4,30,30,100.0,True,16.685999999999996,22.444000000000003,11.558666666666664,10.885333333333332,145.52,83.19566666666667,17.340333333333334,0,0,13,0,5
1991,5,31,31,100.0,True,21.876129032258063,26.904838709677417,17.044193548387096,9.860645161290325,152.35,83.15709677419356,18.18935483870968,0,0,9,0,4
1991,6,30,30,100.0,True,23.662333333333333,28.753666666666675,18.978666666666662,9.775000000000004,130.09,79.23066666666664,20.92,0,0,10,0,7
1991,7,31,31,100.0,True,25.96548387096774,30.80483870967742,21.533548387096776,9.271290322580644,154.06,80.45387096774193,21.16258064516129,0,0,10,1,4
1991,8,31,31,100.0,True,24.111612903225804,29.05677419354839,19.773225806451617,9.283548387096777,182.09999999999997,82.36258064516132,18.074838709677415,0,0,8,2,4
1991,9,30,30,100.0,True,21.804666666666666,27.693666666666665,16.404999999999998,11.288666666666664,49.83,74.29833333333333,18.547666666666668,0,0,19,0,7
1991,10,31,31,100.0,True,16.07903225806452,23.431935483870962,9.864516129032259,13.56741935483871,8.02,69.62612903225806,15.035806451612903,0,0,29,0,16
1991,11,30,30,100.0,True,8.483333333333333,14.955333333333332,3.278666666666666,11.676666666666668,65.83,72.16666666666667,10.486,0,11,20,0,7
1991,12,31,31,100.0,True,6.638709677419353,12.722903225806451,1.4448387096774191,11.27806451612903,98.43999999999998,78.40225806451612,8.872580645161293,0,15,22,1,8
1992,1,31,31,100.0,True,4.903548387096775,10.840322580645163,-0.07516129032258055,10.915483870967742,141.2,82.85193548387095,9.71225806451613,0,16,16,0,4
1992,2,29,29,100.0,True,7.397241379310345,13.22068965517241,2.377931034482758,10.842758620689652,132.13,81.2151724137931,12.198620689655172,0,5,21,3,12
1992,3,31,31,100.0,True,9.815806451612902,16.19677419354839,3.542258064516129,12.654516129032254,139.22,78.46483870967744,16.065806451612904,0,11,20,1,7
1992,4,30,30,100.0,True,14.591333333333335,20.918333333333333,8.210333333333333,12.707999999999998,71.05000000000001,77.60333333333332,19.304333333333332,0,2,21,1,6
1992,5,31,31,100.0,True,18.15064516129032,23.710645161290326,12.583225806451614,11.127419354838713,90.71000000000002,77.87419354838708,21.020322580645164,0,0,19,0,5
1992,6,30,30,100.0,True,22.557666666666666,27.792666666666666,17.359666666666666,10.433,148.08999999999997,78.73433333333332,19.229333333333336,0,0,11,1,6
1992,7,31,31,100.0,True,26.955161290322582,32.98935483870967,21.55806451612903,11.431290322580647,71.68,71.45064516129031,21.66709677419355,6,0,15,0,8
1992,8,31,31,100.0,True,24.137419354838713,29.81870967741936,18.986129032258063,10.83258064516129,192.40999999999997,75.04935483870968,17.046129032258065,3,0,11,1,5
1992,9,30,30,100.0,True,21.750000000000004,27.25166666666666,17.043,10.208666666666664,131.46,79.93733333333334,15.129999999999999,0,0,11,0,7
1992,10,31,31,100.0,True,13.939354838709678,20.282258064516125,8.198064516129033,12.084193548387098,127.11,80.67225806451611,13.854193548387098,0,0,22,2,15
1992,11,30,30,100.0,True,10.059333333333333,15.476666666666667,5.185333333333333,10.291333333333334,227.22,85.05333333333333,8.584,0,8,18,5,7
1992,12,31,31,100.0,True,4.340967741935484,8.956774193548387,0.38451612903225807,8.57225806451613,150.08,88.38419354838709,7.081290322580646,0,17,16,3,4
1993,1,31,31,100.0,True,5.317096774193548,10.048709677419355,1.4832258064516133,8.565483870967741,176.67999999999998,88.82677419354837,7.883870967741936,0,9,17,2,7
1993,2,28,28,100.0,True,4.231428571428571,9.977499999999997,-0.6396428571428572,10.617142857142854,112.29,82.0439285714286,11.450000000000001,0,16,15,0,5
1993,3,31,31,100.0,True,7.824193548387097,13.294516129032258,2.5464516129032257,10.748064516129029,203.13,83.57677419354836,13.681290322580645,0,10,17,3,7
1993,4,30,30,100.0,True,12.832999999999998,19.125,6.3966666666666665,12.72833333333333,74.33,78.10866666666668,20.956333333333337,0,1,24,2,9
1993,5,31,31,100.0,True,19.698709677419355,25.204193548387106,14.273548387096772,10.930645161290323,102.80999999999999,80.27580645161291,20.247096774193547,0,0,19,1,8
1993,6,30,30,100.0,True,24.926666666666662,31.246666666666666,18.80066666666666,12.445999999999998,37.54,71.53699999999999,23.439333333333334,1,0,22,0,11
1993,7,31,31,100.0,True,30.068064516129034,37.429032258064524,23.02870967741935,14.40032258064516,56.01,57.93935483870968,24.674516129032256,29,0,16,0,5
1993,8,31,31,100.0,True,27.16419354838709,33.972258064516126,21.107741935483865,12.864516129032257,58.10999999999999,64.84161290322581,19.01096774193548,13,0,14,0,4
1993,9,30,30,100.0,True,23.487000000000002,30.96733333333333,17.177666666666667,13.789666666666665,80.88,65.25833333333334,17.126,1,0,14,0,7
1993,10,31,31,100.0,True,16.02935483870968,23.647741935483868,10.214193548387096,13.433548387096776,82.14999999999999,64.93548387096774,12.785806451612906,0,0,25,1,15
1993,11,30,30,100.0,True,9.631000000000002,15.803333333333331,4.323666666666667,11.479666666666667,100.21000000000001,76.97566666666665,10.814666666666666,0,5,20,1,8
1993,12,31,31,100.0,True,3.944193548387097,9.554193548387099,-0.5516129032258065,10.105806451612906,97.40999999999998,83.4841935483871,8.798709677419353,0,17,21,1,4
1994,1,31,31,100.0,True,1.7625806451612902,7.166774193548386,-2.8645161290322587,10.031290322580649,120.81,82.71225806451613,8.83806451612903,0,20,17,0,7
1994,2,28,28,100.0,True,6.531071428571428,12.452499999999999,1.2289285714285714,11.223571428571429,105.88,83.42285714285715,11.677857142857146,0,14,19,0,9
1994,3,31,31,100.0,True,10.978709677419355,17.494516129032256,4.423870967741936,13.070645161290324,163.99999999999997,79.84677419354838,16.644193548387097,0,3,20,2,10
1994,4,30,30,100.0,True,16.67966666666667,23.34566666666667,10.038,13.307666666666668,72.10999999999999,78.21033333333335,21.17033333333334,0,0,22,1,10
1994,5,31,31,100.0,True,18.769032258064513,25.149999999999995,12.44774193548387,12.702258064516128,53.279999999999994,72.7674193548387,23.418709677419354,0,0,23,0,5
1994,6,30,30,100.0,True,25.425666666666665,30.918,20.25866666666667,10.659333333333333,236.7,75.15633333333334,22.44966666666666,3,0,6,2,3
1994,7,31,31,100.0,True,25.17612903225806,29.97612903225807,20.937419354838713,9.038709677419355,157.16,80.65290322580644,19.808709677419355,0,0,6,0,2
1994,8,31,31,100.0,True,24.232903225806453,29.405806451612907,19.46741935483871,9.938387096774195,209.88000000000002,79.05806451612902,18.871290322580645,0,0,13,2,6
1994,9,30,30,100.0,True,20.31833333333333,26.236333333333334,15.138333333333332,11.098,86.37,77.80300000000001,17.117666666666665,0,0,19,0,5
1994,10,31,31,100.0,True,14.728709677419356,20.464516129032255,9.845806451612903,10.618709677419357,148.55,81.20741935483869,11.706451612903221,0,0,17,1,6
1994,11,30,30,100.0,True,11.001666666666667,17.47933333333333,5.901666666666667,11.577666666666667,79.43999999999998,79.24633333333334,10.678666666666667,0,3,17,0,8
1994,12,31,31,100.0,True,6.849032258064517,12.084193548387097,2.5467741935483867,9.53741935483871,96.30999999999999,82.64064516129031,7.5845161290322585,0,9,22,1,9
1995,1,31,31,100.0,True,4.8590322580645156,10.964193548387097,-0.21161290322580648,11.175806451612905,153.25,82.92709677419356,9.293870967741936,0,19,19,2,5
1995,2,28,28,100.0,True,4.7371428571428575,10.406785714285714,-0.15642857142857144,10.563214285714286,164.99999999999997,81.76642857142856,11.951071428571428,0,15,18,1,8
1995,3,31,31,100.0,True,11.610645161290321,17.894193548387097,5.654838709677421,12.239354838709678,63.26,80.29451612903225,16.147741935483875,0,3,21,0,11
1995,4,30,30,100.0,True,15.782999999999998,22.462,9.378666666666668,13.083333333333332,41.99,77.978,19.872666666666664,0,0,22,0,10
1995,5,31,31,100.0,True,20.917419354838703,27.090000000000003,14.90935483870968,12.180645161290323,83.08999999999999,74.21548387096772,21.15322580645161,0,0,17,0,6
1995,6,30,30,100.0,True,23.527666666666665,29.02833333333334,18.094333333333335,10.934000000000001,161.32000000000002,75.29066666666667,21.295,0,0,4,1,2
1995,7,31,31,100.0,True,27.930967741935486,34.5658064516129,21.73967741935484,12.826129032258065,64.88,66.05935483870968,22.668709677419354,15,0,13,0,9
1995,8,31,31,100.0,True,27.013225806451608,32.96516129032258,21.734838709677422,11.230322580645161,260.97,72.41548387096773,18.035161290322584,8,0,9,3,3
1995,9,30,30,100.0,True,20.653,26.360000000000003,15.8,10.56,78.00000000000001,80.80333333333331,16.258000000000003,0,0,18,0,7
1995,10,31,31,100.0,True,15.936774193548384,22.068064516129034,10.490967741935485,11.577096774193546,180.98999999999998,81.61709677419354,13.837096774193547,0,0,23,1,7
1995,11,30,30,100.0,True,7.435666666666667,13.637,1.854666666666667,11.782333333333334,140.76,82.21833333333333,10.032333333333332,0,12,18,2,9
1995,12,31,31,100.0,True,3.4041935483870973,9.08806451612903,-1.0558064516129033,10.143870967741938,72.79,82.25741935483873,9.107741935483874,0,18,22,0,10
1996,1,31,31,100.0,True,2.630967741935484,8.630967741935482,-2.525483870967742,11.156451612903222,168.87000000000003,86.99451612903225,8.898387096774194,0,23,15,2,4
1996,2,29,29,100.0,True,5.045172413793105,10.483793103448274,-0.6572413793103447,11.14103448275862,99.0,85.00655172413792,12.557931034482756,0,14,21,1,9
1996,3,31,31,100.0,True,7.3429032258064515,13.136451612903226,2.0258064516129033,11.110645161290321,193.65999999999997,79.33612903225806,14.86516129032258,0,11,17,2,6
1996,4,30,30,100.0,True,13.887333333333338,20.227666666666668,7.303666666666667,12.924,99.35,77.89400000000002,20.43133333333333,0,2,17,0,4
1996,5,31,31,100.0,True,20.708387096774196,26.417741935483868,15.139999999999999,11.277741935483872,107.11999999999999,80.93741935483871,23.311935483870972,0,0,19,1,8
1996,6,30,30,100.0,True,24.182666666666666,30.061333333333334,18.335333333333335,11.726,72.80000000000001,72.96766666666666,24.511000000000006,3,0,16,0,10
1996,7,31,31,100.0,True,26.205161290322586,32.62096774193548,20.48612903225807,12.134838709677418,97.41000000000001,70.57806451612903,20.630322580645164,8,0,10,0,4
1996,8,31,31,100.0,True,25.412258064516127,31.54935483870967,20.076774193548385,11.472580645161292,116.77999999999999,72.32838709677418,19.00258064516129,0,0,9,0,4
1996,9,30,30,100.0,True,21.567999999999998,28.081666666666667,15.916666666666666,12.165000000000001,153.45,72.91799999999999,16.681,0,0,15,2,4
1996,10,31,31,100.0,True,15.020967741935483,21.921290322580642,9.09354838709677,12.827741935483871,46.50000000000001,75.98516129032258,14.334516129032258,0,0,22,0,7
1996,11,30,30,100.0,True,7.430000000000001,13.744000000000002,1.9643333333333333,11.779666666666667,129.64999999999998,79.28766666666668,9.698000000000002,0,12,17,2,8
1996,12,31,31,100.0,True,6.008709677419355,11.65967741935484,1.1180645161290321,10.541612903225808,87.64000000000001,85.5809677419355,8.207419354838711,0,15,18,1,4
1997,1,31,31,100.0,True,4.699677419354838,10.165161290322581,-0.10129032258064521,10.266451612903223,137.08,81.24741935483873,9.384516129032258,0,18,14,1,5
1997,2,28,28,100.0,True,7.911785714285715,13.67,2.5410714285714286,11.128928571428572,180.03,84.9692857142857,10.930357142857144,0,12,15,3,5
1997,3,31,31,100.0,True,13.34935483870968,19.80548387096774,7.13774193548387,12.667741935483873,100.61,80.39838709677419,16.92,0,2,18,0,6
1997,4,30,30,100.0,True,13.41,19.774,6.979333333333333,12.794666666666666,132.98,76.52,20.367000000000004,0,1,20,1,6
1997,5,31,31,100.0,True,17.740645161290324,23.89225806451613,11.490967741935483,12.401290322580643,100.96,76.43387096774194,22.470322580645163,0,0,19,1,15
1997,6,30,30,100.0,True,21.831,26.78266666666667,17.261666666666667,9.520999999999999,110.57,80.84233333333331,19.945666666666664,0,0,11,0,7
1997,7,31,31,100.0,True,26.807419354838704,33.35096774193548,20.65612903225806,12.694838709677418,147.85,69.90064516129033,21.953870967741935,9,0,12,1,6
1997,8,31,31,100.0,True,25.44870967741936,32.313870967741934,19.283548387096776,13.03032258064516,28.299999999999997,65.54193548387097,21.561290322580643,4,0,23,0,10
1997,9,30,30,100.0,True,22.980333333333338,30.278666666666666,16.874,13.404666666666666,133.6,63.53766666666666,16.681666666666665,3,0,20,2,11
1997,10,31,31,100.0,True,16.289677419354838,23.195806451612906,10.561935483870966,12.633870967741936,137.04999999999998,73.34903225806453,13.703548387096772,0,0,19,2,13
1997,11,30,30,100.0,True,7.566333333333334,13.605333333333334,2.8449999999999998,10.760333333333332,104.39,83.459,10.331,0,6,19,0,6
1997,12,31,31,100.0,True,4.691612903225806,9.92483870967742,0.413225806451613,9.511612903225805,125.42,85.12741935483872,8.683225806451611,0,14,19,1,10
1998,1,31,31,100.0,True,6.1819354838709675,11.391612903225804,1.8606451612903225,9.530967741935482,202.12,88.49225806451612,9.583870967741936,0,13,17,3,4
1998,2,28,28,100.0,True,7.1325,12.737857142857143,2.4050000000000002,10.332857142857142,197.84,86.15607142857142,11.785714285714286,0,6,18,3,6
1998,3,31,31,100.0,True,8.995806451612903,14.966774193548387,3.5548387096774197,11.41193548387097,124.22000000000001,82.2651612903226,15.11,0,9,20,1,7
1998,4,30,30,100.0,True,14.801333333333332,20.504,9.059666666666667,11.444333333333333,246.75000000000003,82.16266666666665,17.823666666666668,0,0,13,3,5
1998,5,31,31,100.0,True,21.95548387096774,27.70032258064516,16.421935483870968,11.278387096774194,88.73,80.30741935483871,23.33354838709677,0,0,18,1,16
1998,6,30,30,100.0,True,25.62366666666667,31.54833333333334,19.694000000000003,11.854333333333333,105.93,76.94666666666669,23.993333333333332,3,0,11,0,4
1998,7,31,31,100.0,True,27.71967741935484,34.20225806451613,21.817741935483873,12.38451612903226,65.63,67.0658064516129,21.788064516129033,10,0,15,0,3
1998,8,31,31,100.0,True,26.434838709677415,34.04709677419355,19.867741935483874,14.179354838709678,80.63000000000001,61.772258064516116,21.773548387096774,12,0,18,0,9
1998,9,30,30,100.0,True,24.33333333333334,31.930000000000003,18.302666666666667,13.627333333333329,101.49,64.964,17.802666666666664,2,0,22,1,11
1998,10,31,31,100.0,True,17.629354838709673,25.659032258064514,11.01483870967742,14.644193548387095,57.17000000000001,64.71870967741935,15.863225806451615,0,0,25,0,23
1998,11,30,30,100.0,True,12.196333333333335,19.065000000000005,6.641,12.423999999999998,70.55,73.14166666666667,9.434,0,2,19,0,13
1998,12,31,31,100.0,True,8.297419354838711,14.314516129032258,3.6361290322580655,10.678387096774195,94.68999999999998,78.71032258064517,8.029354838709677,0,10,19,0,7
1999,1,31,31,100.0,True,6.791935483870968,13.320967741935483,1.5687096774193552,11.752258064516129,142.18,83.20451612903224,9.309999999999999,0,13,16,1,4
1999,2,28,28,100.0,True,7.193214285714286,13.569642857142856,1.528571428571429,12.041071428571426,90.82000000000001,80.42642857142856,12.564642857142855,0,13,19,1,7
1999,3,31,31,100.0,True,8.223870967741936,15.173548387096776,1.8351612903225807,13.338387096774191,94.90000000000002,77.02580645161292,16.7258064516129,0,10,20,1,6
1999,4,30,30,100.0,True,16.608333333333334,22.855999999999995,10.723666666666666,12.13233333333333,80.57,77.81566666666667,18.87166666666667,0,0,21,0,6
1999,5,31,31,100.0,True,19.863225806451613,26.509354838709676,13.305806451612902,13.203548387096776,53.960000000000015,69.6558064516129,23.424838709677413,0,0,23,0,5
1999,6,30,30,100.0,True,24.256999999999998,30.988000000000003,18.203333333333333,12.784666666666668,130.60999999999999,68.10933333333334,21.216,3,0,15,0,6
1999,7,31,31,100.0,True,27.633225806451613,34.77322580645161,21.021612903225808,13.751612903225805,82.72000000000001,67.5841935483871,21.55032258064516,16,0,16,0,7
1999,8,31,31,100.0,True,27.96870967741935,35.990645161290324,20.78064516129032,15.209999999999999,63.33,54.679354838709685,22.061935483870972,18,0,23,0,12
1999,9,30,30,100.0,True,22.35866666666666,30.608333333333334,15.245000000000001,15.363333333333332,78.61,56.099666666666664,18.773999999999997,5,0,21,1,10
1999,10,31,31,100.0,True,15.418387096774193,22.08870967741936,9.867741935483874,12.22096774193548,112.25000000000001,75.51967741935485,14.188064516129035,0,0,22,2,11
1999,11,30,30,100.0,True,12.326333333333332,19.546333333333333,6.325,13.221333333333336,77.22000000000001,74.09899999999999,11.453333333333335,0,4,23,0,8
1999,12,31,31,100.0,True,5.9703225806451625,12.848064516129034,0.4370967741935485,12.410967741935485,61.66,77.82129032258065,9.495806451612905,0,15,22,0,10
2000,1,31,31,100.0,True,3.215483870967742,8.81258064516129,-1.4470967741935483,10.259677419354839,134.15,82.32354838709675,8.937741935483869,0,19,19,1,7
2000,2,29,29,100.0,True,7.335172413793102,14.666551724137928,1.0289655172413794,13.637586206896554,53.279999999999994,81.01793103448276,13.616896551724139,0,10,23,0,10
2000,3,31,31,100.0,True,12.44838709677419,19.54387096774193,5.959999999999999,13.583870967741932,112.29000000000002,77.74838709677421,17.123548387096776,0,1,24,1,6
2000,4,30,30,100.0,True,14.306666666666665,20.908000000000005,7.629666666666667,13.278333333333334,96.55000000000001,76.955,18.343666666666667,0,1,18,0,8
2000,5,31,31,100.0,True,22.344838709677422,29.721935483870965,15.313548387096773,14.408387096774193,28.730000000000004,64.68516129032258,23.9041935483871,1,0,23,0,15
2000,6,30,30,100.0,True,26.48,33.81366666666666,19.296666666666667,14.517,72.09,59.68066666666667,23.083333333333332,14,0,13,0,7
2000,7,31,31,100.0,True,27.411612903225798,34.68516129032258,20.707096774193552,13.978064516129034,91.66000000000001,61.36870967741935,21.516129032258064,18,0,16,0,7
2000,8,31,31,100.0,True,26.246774193548386,33.464193548387094,19.907096774193544,13.557096774193548,87.98,64.18064516129031,19.864193548387096,8,0,15,0,6
2000,9,30,30,100.0,True,21.499666666666663,28.15866666666666,15.994666666666667,12.163999999999998,135.6,73.93166666666666,15.890666666666664,0,0,15,1,5
2000,10,31,31,100.0,True,16.754516129032258,25.682580645161288,9.778709677419354,15.903870967741936,1.4700000000000002,57.027419354838706,16.47741935483871,0,0,31,0,31
2000,11,30,30,100.0,True,9.210333333333333,15.714333333333332,3.8763333333333336,11.837999999999997,110.53,73.64266666666666,9.219333333333333,0,7,18,1,5
2000,12,31,31,100.0,True,1.170967741935484,6.896129032258064,-3.215161290322581,10.111290322580649,56.579999999999984,77.53387096774192,8.761290322580646,0,25,20,0,9
2001,1,31,31,100.0,True,3.7329032258064516,10.371935483870969,-1.2919354838709678,11.663870967741936,74.87000000000002,79.30290322580646,10.438064516129034,0,22,23,0,8
2001,2,28,28,100.0,True,8.493214285714286,15.141785714285714,3.017857142857143,12.123928571428575,71.55,79.24678571428572,11.266071428571427,0,7,17,0,9
2001,3,31,31,100.0,True,8.862903225806452,15.384193548387096,3.053225806451612,12.330967741935483,174.01000000000005,76.1541935483871,16.381290322580647,0,9,20,4,7
2001,4,30,30,100.0,True,16.305666666666664,22.697999999999993,10.298666666666668,12.399333333333335,36.040000000000006,77.27366666666667,20.86466666666667,0,0,23,0,8
2001,5,31,31,100.0,True,21.018064516129034,28.071935483870963,14.233225806451616,13.838709677419352,76.14,68.19838709677421,22.44612903225807,0,0,17,0,8
2001,6,30,30,100.0,True,24.293000000000006,30.26066666666667,18.816,11.444666666666665,139.39000000000001,73.04,21.721333333333337,0,0,11,1,6
2001,7,31,31,100.0,True,26.046451612903226,32.81161290322581,19.938064516129028,12.873548387096776,123.76000000000002,68.72354838709677,20.106129032258064,5,0,11,1,5
2001,8,31,31,100.0,True,26.45741935483871,33.208709677419364,20.511290322580642,12.697419354838708,50.629999999999995,66.83322580645161,20.51516129032258,5,0,14,0,4
2001,9,30,30,100.0,True,21.151333333333337,28.47366666666667,14.831000000000001,13.642666666666667,92.23,64.86166666666666,18.086666666666666,0,0,19,0,6
2001,10,31,31,100.0,True,15.184516129032259,23.398064516129036,7.756451612903224,15.641612903225807,34.08000000000001,60.14354838709678,16.434516129032257,0,2,25,0,10
2001,11,30,30,100.0,True,13.656666666666666,21.901,7.6543333333333345,14.24666666666667,42.53,63.42999999999999,11.918000000000001,0,0,25,1,22
2001,12,31,31,100.0,True,8.451935483870969,15.62258064516129,3.054193548387097,12.568387096774195,58.14,74.24032258064516,9.584516129032256,0,11,24,0,9
2002,1,31,31,100.0,True,6.002903225806451,12.845806451612905,0.48677419354838714,12.359032258064515,126.13,80.37806451612904,9.754193548387097,0,17,20,1,6
2002,2,28,28,100.0,True,6.020714285714285,12.573571428571427,0.39464285714285713,12.17892857142857,52.15,74.48428571428572,14.242499999999998,0,11,25,1,12
2002,3,31,31,100.0,True,11.818709677419358,18.567741935483873,5.70741935483871,12.860322580645159,151.82000000000002,78.81193548387097,15.855161290322581,0,8,17,3,5
2002,4,30,30,100.0,True,17.906333333333336,24.376333333333328,11.689333333333336,12.687,53.650000000000006,74.50933333333333,19.881666666666664,0,0,20,0,7
2002,5,31,31,100.0,True,20.101935483870975,26.61193548387097,13.378387096774194,13.233548387096775,88.92,69.63774193548386,22.325483870967744,0,0,17,0,8
2002,6,30,30,100.0,True,25.74233333333333,32.760000000000005,19.160666666666668,13.599333333333332,51.82,61.98600000000001,24.073333333333334,3,0,17,0,7
2002,7,31,31,100.0,True,28.475161290322585,35.68838709677419,21.899677419354845,13.788709677419355,64.76,61.118387096774185,22.043548387096774,22,0,16,0,6
2002,8,31,31,100.0,True,27.134193548387096,34.60999999999999,20.501935483870966,14.108064516129033,77.64,58.96032258064516,20.135806451612908,16,0,15,0,11
2002,9,30,30,100.0,True,23.536,29.772666666666673,18.46066666666667,11.312000000000003,180.97,73.47299999999998,14.933333333333332,4,0,17,2,12
2002,10,31,31,100.0,True,17.708064516129035,22.90967741935484,13.288387096774194,9.621290322580647,102.17,83.10774193548387,10.938709677419356,0,0,17,1,9
2002,11,30,30,100.0,True,9.254333333333333,15.556999999999999,3.800333333333333,11.756666666666666,123.19,83.16466666666669,10.017333333333335,0,6,18,2,9
2002,12,31,31,100.0,True,4.266129032258066,9.98774193548387,-0.1170967741935485,10.10483870967742,151.96,85.46193548387096,8.414193548387097,0,15,21,1,5
2003,1,31,31,100.0,True,2.835161290322581,8.726774193548387,-2.0277419354838706,10.754516129032258,54.32,79.10516129032258,10.373225806451616,0,24,23,0,12
2003,2,28,28,100.0,True,5.713214285714286,11.546428571428574,0.7507142857142858,10.795714285714284,138.23,85.62999999999998,10.921428571428569,0,11,15,1,3
2003,3,31,31,100.0,True,12.090645161290322,17.541612903225808,7.293870967741935,10.247741935483871,170.17999999999998,84.79354838709679,13.818064516129034,0,1,16,2,8
2003,4,30,30,100.0,True,15.456999999999999,21.344999999999995,9.733,11.611999999999997,148.86,83.48566666666667,17.618,0,0,12,0,5
2003,5,31,31,100.0,True,20.248064516129034,25.274516129032254,15.71,9.564516129032256,179.48999999999998,84.05612903225806,17.70806451612903,0,0,15,2,6
2003,6,30,30,100.0,True,23.11966666666666,28.53533333333333,18.103,10.432333333333334,141.97000000000003,79.79066666666667,21.777666666666672,0,0,11,0,7
2003,7,31,31,100.0,True,25.198064516129037,30.19290322580645,20.853870967741933,9.339032258064519,213.95999999999998,82.13483870967741,20.95354838709678,0,0,5,1,2
2003,8,31,31,100.0,True,25.74709677419355,31.013870967741937,21.190322580645162,9.823548387096775,117.53999999999999,80.5241935483871,19.065806451612907,0,0,5,0,5
2003,9,30,30,100.0,True,21.160333333333337,27.399666666666665,15.686,11.713666666666667,63.40999999999999,73.42433333333332,19.38633333333333,0,0,22,1,9
2003,10,31,31,100.0,True,16.036451612903225,22.928709677419352,10.036129032258065,12.89258064516129,70.94,72.81774193548387,13.693225806451613,0,0,21,0,11
2003,11,30,30,100.0,True,12.828,19.778999999999996,6.869666666666666,12.909333333333334,94.07000000000002,73.33366666666666,11.114333333333331,0,4,19,1,7
2003,12,31,31,100.0,True,3.996451612903226,10.408709677419354,-1.3919354838709677,11.800645161290323,76.19999999999999,78.04838709677419,9.70741935483871,0,23,23,1,5
2004,1,31,31,100.0,True,3.5925806451612905,10.115806451612903,-1.882258064516129,11.998064516129032,53.55,79.91258064516127,9.886129032258063,0,24,24,0,7
2004,2,29,29,100.0,True,4.755172413793104,10.319310344827588,-0.12689655172413788,10.446206896551724,116.77999999999999,80.84793103448277,10.244482758620688,0,18,18,1,9
2004,3,31,31,100.0,True,12.257419354838708,19.017096774193547,6.292258064516129,12.72483870967742,41.88,76.91806451612904,17.461935483870967,0,3,23,0,9
2004,4,30,30,100.0,True,15.709333333333332,22.958666666666662,8.635333333333335,14.32333333333333,48.67,69.96666666666667,20.825666666666667,0,0,24,0,11
2004,5,31,31,100.0,True,23.312903225806448,30.38064516129032,16.57645161290323,13.804193548387095,69.22,67.61322580645161,22.116451612903226,1,0,17,0,6
2004,6,30,30,100.0,True,25.761,32.12166666666666,20.195,11.92666666666667,170.38,69.89833333333333,20.136666666666667,5,0,9,1,3
2004,7,31,31,100.0,True,26.863548387096774,33.24967741935484,21.04032258064516,12.209354838709677,107.84000000000002,69.39387096774192,23.029677419354837,8,0,12,0,5
2004,8,31,31,100.0,True,25.05677419354838,31.884193548387096,19.143870967741936,12.740322580645163,87.67,68.29741935483872,20.59225806451613,2,0,18,1,5
2004,9,30,30,100.0,True,21.28066666666667,26.718,16.778333333333332,9.939666666666664,323.83000000000004,80.35033333333332,16.035,0,0,21,4,9
2004,10,31,31,100.0,True,17.47612903225806,23.118387096774192,12.812580645161292,10.305806451612902,28.41,84.57677419354835,11.688709677419354,0,0,21,0,8
2004,11,30,30,100.0,True,11.777333333333331,17.442999999999998,6.990666666666667,10.452333333333332,127.66999999999999,83.00633333333334,9.872666666666667,0,3,16,0,6
2004,12,31,31,100.0,True,5.4148387096774195,11.446129032258062,0.1851612903225806,11.260967741935483,95.13,79.52064516129033,9.991612903225805,0,18,23,0,11
2005,1,31,31,100.0,True,6.140645161290322,11.991935483870966,1.6832258064516135,10.308709677419357,52.39,82.53451612903226,9.68935483870968,0,13,25,0,14
2005,2,28,28,100.0,True,6.640357142857142,12.365714285714287,1.5214285714285716,10.844285714285716,119.24,83.48357142857141,10.879642857142855,0,14,18,1,5
2005,3,31,31,100.0,True,9.548064516129033,15.830967741935487,3.6793548387096773,12.151612903225805,151.35999999999996,78.74,16.12741935483871,0,9,21,1,6
2005,4,30,30,100.0,True,14.595333333333334,20.798,8.679666666666666,12.11833333333333,106.41000000000001,79.32699999999997,20.18733333333334,0,0,18,0,8
2005,5,31,31,100.0,True,18.88548387096774,24.85161290322581,12.850967741935483,12.000645161290324,73.22,76.33612903225807,22.5941935483871,0,0,22,0,9
2005,6,30,30,100.0,True,23.713333333333335,28.908666666666665,19.045666666666666,9.863,207.61,80.87433333333335,20.929333333333332,0,0,9,1,4
2005,7,31,31,100.0,True,26.13,31.190645161290323,21.68967741935484,9.500967741935481,193.71999999999994,80.84935483870967,20.37354838709677,3,0,7,1,5
2005,8,31,31,100.0,True,25.971290322580646,31.605483870967742,20.98774193548387,10.61774193548387,123.85999999999999,77.12032258064517,20.22129032258065,3,0,13,0,4
2005,9,30,30,100.0,True,24.014333333333337,31.776333333333334,17.659666666666666,14.11666666666667,11.870000000000001,62.883,19.815,0,0,26,0,15
2005,10,31,31,100.0,True,17.17774193548387,24.35741935483871,11.478709677419356,12.878709677419357,97.3,70.42290322580644,14.243870967741938,0,0,26,2,21
2005,11,30,30,100.0,True,11.426999999999998,18.651666666666667,5.224333333333333,13.427333333333333,79.64,68.10499999999999,11.174333333333333,0,5,22,1,14
2005,12,31,31,100.0,True,3.7022580645161285,9.863870967741935,-1.3348387096774192,11.198709677419352,125.58,82.35225806451615,9.403870967741932,0,23,19,2,6
2006,1,31,31,100.0,True,7.861290322580646,13.931612903225806,2.6287096774193546,11.302903225806455,109.17000000000002,83.55483870967741,9.903225806451612,0,12,18,1,7
2006,2,28,28,100.0,True,5.647142857142858,11.750714285714285,0.14607142857142855,11.604642857142855,66.75,80.03964285714288,12.212857142857144,0,16,17,0,6
2006,3,31,31,100.0,True,10.583548387096773,17.201290322580647,4.64741935483871,12.553870967741938,48.22999999999999,75.44516129032259,16.83225806451613,0,5,25,0,9
2006,4,30,30,100.0,True,17.577,24.466999999999995,11.002,13.465000000000002,60.58,73.426,20.691333333333333,0,0,21,0,10
2006,5,31,31,100.0,True,20.696451612903225,27.58612903225807,13.77290322580645,13.81322580645161,53.440000000000005,67.2216129032258,22.961935483870967,1,0,22,0,5
2006,6,30,30,100.0,True,25.49666666666667,32.84333333333333,18.611666666666668,14.231666666666666,131.90999999999997,61.99666666666667,24.362333333333336,5,0,17,1,7
2006,7,31,31,100.0,True,27.490000000000002,34.48870967741936,20.97387096774193,13.51483870967742,72.94999999999999,63.68774193548388,21.91677419354838,18,0,16,0,6
2006,8,31,31,100.0,True,27.51483870967742,34.34548387096773,21.589999999999996,12.755483870967742,128.78,68.25967741935484,19.47709677419355,13,0,10,0,4
2006,9,30,30,100.0,True,21.378,27.863,15.958666666666664,11.904333333333334,104.37,74.19099999999999,17.039333333333335,0,0,17,1,4
2006,10,31,31,100.0,True,15.21935483870968,22.32096774193548,8.874838709677421,13.446129032258066,101.7,70.22774193548388,14.720645161290323,0,2,24,2,7
2006,11,30,30,100.0,True,10.290666666666665,17.255999999999997,4.579,12.676999999999998,100.83999999999999,77.58033333333333,11.405666666666667,0,4,22,1,6
2006,12,31,31,100.0,True,8.231935483870968,14.716129032258065,2.595483870967742,12.120645161290323,112.24,78.15774193548388,9.719032258064521,0,9,24,2,19
2007,1,31,31,100.0,True,6.302258064516129,12.149999999999997,1.1632258064516132,10.986774193548385,104.92999999999999,81.24032258064517,9.483225806451614,0,17,23,1,9
2007,2,28,28,100.0,True,4.8950000000000005,11.743214285714286,-0.7289285714285711,12.472142857142856,82.38,77.09321428571427,13.543214285714283,0,17,23,1,11
2007,3,31,31,100.0,True,13.036451612903226,20.04483870967742,6.946129032258064,13.098709677419357,96.46,79.41774193548385,16.945483870967745,0,5,27,1,15
2007,4,30,30,100.0,True,14.344333333333335,20.956,7.684333333333333,13.271666666666667,52.559999999999995,72.405,21.512666666666668,0,3,22,1,7
2007,5,31,31,100.0,True,20.90290322580645,28.178709677419356,13.73451612903226,14.444193548387096,42.01,63.57709677419355,24.440322580645166,0,0,26,0,19
2007,6,30,30,100.0,True,26.06,33.38933333333333,19.084999999999997,14.304333333333334,90.33999999999999,61.538000000000004,23.096999999999994,14,0,13,0,5
2007,7,31,31,100.0,True,25.901612903225807,32.332903225806454,20.102580645161293,12.230322580645163,95.64999999999999,66.28000000000002,19.562903225806455,2,0,11,0,4
2007,8,31,31,100.0,True,29.676129032258064,37.41935483870969,22.75580645161291,14.663548387096773,54.410000000000004,56.98612903225806,21.371935483870974,27,0,18,0,5
2007,9,30,30,100.0,True,24.26233333333333,32.056333333333335,17.94766666666667,14.108666666666664,40.31,59.19766666666668,18.832999999999995,4,0,25,1,10
2007,10,31,31,100.0,True,18.954838709677425,26.652258064516136,12.788064516129035,13.8641935483871,51.56,66.49419354838709,14.467096774193548,0,0,23,0,8
2007,11,30,30,100.0,True,10.542666666666664,18.519999999999996,3.849999999999999,14.67,41.279999999999994,62.18599999999999,12.430333333333332,0,4,25,0,13
2007,12,31,31,100.0,True,8.74258064516129,14.92516129032258,3.431935483870968,11.493225806451614,136.95,77.12258064516129,8.311935483870966,0,8,19,2,11
2008,1,31,31,100.0,True,3.661935483870968,9.399354838709678,-0.8506451612903225,10.250000000000002,81.46999999999998,79.09064516129033,10.406451612903224,0,22,21,0,8
2008,2,29,29,100.0,True,7.696551724137932,14.23103448275862,1.54,12.691034482758619,99.72999999999999,80.36206896551724,12.93551724137931,0,10,19,0,5
2008,3,31,31,100.0,True,10.64258064516129,17.523870967741935,4.2458064516129035,13.278064516129032,119.08,79.16580645161288,16.339354838709678,0,4,23,2,9
2008,4,30,30,100.0,True,15.367333333333335,21.46033333333333,9.470333333333336,11.989999999999998,83.80000000000001,78.39633333333333,19.166666666666668,0,0,21,0,6
2008,5,31,31,100.0,True,19.986451612903224,26.620322580645162,13.302903225806451,13.31741935483871,59.080000000000005,72.04129032258065,23.952258064516126,0,0,20,0,7
2008,6,30,30,100.0,True,27.058333333333337,34.36433333333333,20.057666666666663,14.306666666666667,40.61000000000001,58.23266666666666,25.363333333333333,11,0,18,0,9
2008,7,31,31,100.0,True,27.202903225806455,34.64645161290322,20.351935483870967,14.294516129032258,91.33,60.17,23.009354838709676,13,0,13,0,6
2008,8,31,31,100.0,True,26.580322580645166,33.65741935483871,20.494838709677417,13.162580645161292,136.51000000000002,63.40129032258065,20.28774193548387,12,0,18,1,4
2008,9,30,30,100.0,True,22.508333333333326,28.983333333333338,17.30466666666667,11.678666666666667,46.080000000000005,71.36733333333333,17.150666666666663,0,0,21,0,8
2008,10,31,31,100.0,True,15.44774193548387,22.7283870967742,9.44451612903226,13.283870967741937,81.67000000000002,68.1158064516129,15.458709677419353,0,1,27,1,7
2008,11,30,30,100.0,True,8.351666666666668,15.309333333333335,2.7776666666666667,12.531666666666666,82.71000000000001,71.095,11.634666666666664,0,11,22,0,8
2008,12,31,31,100.0,True,7.816129032258065,13.372580645161293,2.6119354838709676,10.760645161290324,127.37,83.00806451612901,7.800000000000001,0,15,17,1,4
2009,1,31,31,100.0,True,4.254516129032257,10.103225806451613,-0.7448387096774195,10.848064516129034,86.43999999999998,81.6858064516129,9.26548387096774,0,20,21,1,9
2009,2,28,28,100.0,True,6.069285714285713,12.91035714285714,0.2603571428571428,12.65,79.02000000000001,78.76107142857143,13.620714285714284,0,14,22,1,8
2009,3,31,31,100.0,True,10.359354838709677,16.255806451612905,5.1729032258064525,11.08290322580645,164.89000000000001,82.58935483870968,14.670967741935483,0,4,18,3,10
2009,4,30,30,100.0,True,15.052666666666669,21.297,8.732666666666667,12.564333333333334,94.11,79.247,20.986333333333334,0,1,22,1,10
2009,5,31,31,100.0,True,20.220322580645163,25.245161290322578,15.64677419354839,9.598387096774193,148.21,83.35935483870968,19.594193548387096,0,0,11,0,5
2009,6,30,30,100.0,True,25.419000000000004,31.05266666666667,19.991666666666667,11.060999999999998,95.65,75.91133333333333,24.475333333333335,1,0,19,1,5
2009,7,31,31,100.0,True,25.653548387096773,32.00677419354839,19.934193548387096,12.07258064516129,77.98,68.66161290322582,22.259032258064515,3,0,13,0,4
2009,8,31,31,100.0,True,26.29935483870968,32.779999999999994,20.63193548387096,12.148064516129033,93.5,69.57677419354839,20.338064516129037,7,0,13,0,5
2009,9,30,30,100.0,True,22.403000000000002,28.67866666666667,17.448333333333334,11.230333333333334,180.29000000000002,74.20133333333334,15.539,0,0,16,3,7
2009,10,31,31,100.0,True,15.189032258064515,20.556451612903224,10.291612903225806,10.264838709677424,194.89,82.65290322580645,11.814838709677419,0,0,16,2,5
2009,11,30,30,100.0,True,11.049999999999999,16.856,6.4076666666666675,10.44833333333333,140.20000000000002,83.70766666666667,10.431666666666665,0,0,22,2,8
2009,12,31,31,100.0,True,3.8609677419354838,8.66741935483871,-0.6483870967741935,9.315806451612904,217.86000000000004,86.96645161290323,7.787096774193548,0,21,18,4,5
2010,1,31,31,100.0,True,1.85258064516129,7.6341935483870955,-2.878064516129032,10.512258064516129,147.98999999999998,82.62548387096776,10.097096774193549,0,20,24,2,15
2010,2,28,28,100.0,True,2.329285714285714,7.819642857142857,-2.025,9.844642857142857,108.60000000000001,83.22785714285715,13.400714285714287,0,22,20,1,6
2010,3,31,31,100.0,True,9.25516129032258,15.609677419354842,3.5848387096774195,12.024838709677418,85.32000000000001,81.47032258064516,15.520967741935483,0,7,22,0,7
2010,4,30,30,100.0,True,16.860666666666667,23.618999999999996,10.489666666666666,13.129333333333332,60.580000000000005,76.761,22.85666666666667,0,0,25,1,11
2010,5,31,31,100.0,True,21.752903225806456,27.346129032258066,16.479677419354836,10.866451612903226,128.76,79.89612903225806,20.99258064516129,0,0,17,1,5
2010,6,30,30,100.0,True,27.005666666666663,32.907000000000004,21.587666666666664,11.319333333333333,89.66,73.86133333333332,24.960666666666665,8,0,13,0,4
2010,7,31,31,100.0,True,28.723225806451616,35.700967741935486,22.606129032258057,13.09483870967742,84.78,65.5067741935484,23.701290322580647,19,0,13,0,6
2010,8,31,31,100.0,True,27.44161290322581,33.65774193548388,22.392580645161292,11.26516129032258,127.02000000000001,73.1832258064516,19.692580645161293,12,0,10,0,4
2010,9,30,30,100.0,True,24.570999999999994,32.311,17.883999999999997,14.427,103.2,61.932,19.512333333333338,5,0,22,2,10
2010,10,31,31,100.0,True,16.648064516129033,24.930322580645164,9.723225806451614,15.207096774193548,55.13000000000001,64.44129032258064,16.599999999999998,0,0,26,0,19
2010,11,30,30,100.0,True,10.594666666666667,17.751,4.883000000000001,12.867999999999999,94.48,72.661,10.668999999999999,0,3,21,1,10
2010,12,31,31,100.0,True,1.1203225806451613,7.129032258064517,-3.334516129032258,10.463548387096774,46.23,74.68870967741937,9.255483870967744,0,28,24,0,7
2011,1,31,31,100.0,True,2.234516129032258,8.090645161290322,-2.6406451612903226,10.731290322580646,64.13000000000001,81.74161290322581,9.903548387096775,0,26,23,0,6
2011,2,28,28,100.0,True,7.372142857142856,13.788214285714284,1.8942857142857146,11.893928571428571,102.83000000000001,80.74714285714283,13.0125,0,11,20,1,17
2011,3,31,31,100.0,True,11.041612903225808,16.77387096774194,5.532580645161291,11.241290322580646,187.35000000000002,81.42225806451611,14.863548387096772,0,2,16,3,4
2011,4,30,30,100.0,True,16.893666666666668,23.47533333333333,10.321666666666665,13.153666666666668,85.07,77.99266666666666,21.759333333333327,0,0,20,0,6
2011,5,31,31,100.0,True,21.140645161290323,27.465483870967745,14.775161290322579,12.69032258064516,58.23000000000001,72.68419354838711,23.32322580645161,1,0,21,0,8
2011,6,30,30,100.0,True,27.23166666666667,34.190000000000005,20.948333333333327,13.241666666666667,93.66999999999999,65.70166666666667,25.090999999999998,9,0,10,0,2
2011,7,31,31,100.0,True,28.606129032258064,35.03000000000001,22.6441935483871,12.3858064516129,75.31,65.84612903225806,22.718709677419348,18,0,15,0,4
2011,8,31,31,100.0,True,28.054838709677416,35.61258064516129,21.473870967741938,14.138709677419355,49.910000000000004,60.67193548387097,22.100000000000005,22,0,20,0,10
2011,9,30,30,100.0,True,23.01766666666667,29.671666666666667,17.43766666666667,12.234000000000002,101.27000000000001,68.01233333333332,16.576333333333334,3,0,19,0,13
2011,10,31,31,100.0,True,15.100967741935484,22.891935483870967,8.78483870967742,14.107096774193547,59.93000000000001,67.50741935483872,15.948709677419354,0,0,23,0,9
2011,11,30,30,100.0,True,11.279333333333334,18.413,5.164666666666666,13.248333333333335,110.08999999999997,74.73966666666666,11.098666666666668,0,3,19,1,5
2011,12,31,31,100.0,True,8.345161290322581,14.319677419354836,3.180967741935484,11.138709677419355,101.71,82.40806451612904,8.595806451612903,0,5,21,1,8
2012,1,31,31,100.0,True,6.803225806451614,12.937741935483873,1.5638709677419353,11.373870967741935,101.28000000000002,82.28870967741935,9.680322580645162,0,13,18,0,6
2012,2,29,29,100.0,True,8.156551724137932,14.22103448275862,2.5548275862068968,11.666206896551726,48.59,81.7841379310345,11.951379310344828,0,7,18,0,10
2012,3,31,31,100.0,True,15.684193548387094,21.846451612903223,10.14032258064516,11.706129032258062,84.37,80.61612903225806,16.921935483870964,0,1,15,1,5
2012,4,30,30,100.0,True,17.268666666666668,23.74666666666666,10.93,12.816666666666663,72.16999999999999,74.42099999999999,20.819666666666663,0,0,20,0,10
2012,5,31,31,100.0,True,21.998709677419352,27.803870967741936,16.398387096774194,11.40548387096774,98.1,73.92354838709676,21.94161290322581,0,0,17,1,6
2012,6,30,30,100.0,True,24.415,31.147000000000002,18.02566666666667,13.12133333333333,85.76,66.87266666666666,24.267,6,0,18,0,7
2012,7,31,31,100.0,True,28.294193548387096,34.9283870967742,22.46129032258065,12.467096774193546,142.71000000000004,68.73225806451613,22.975161290322585,16,0,9,0,3
2012,8,31,31,100.0,True,24.902258064516126,30.764516129032252,19.777096774193552,10.98741935483871,143.23999999999998,75.85032258064518,19.84741935483871,2,0,12,1,4
2012,9,30,30,100.0,True,22.084666666666674,28.513333333333332,16.584,11.929333333333336,89.76,72.984,17.345666666666666,0,0,20,0,10
2012,10,31,31,100.0,True,15.997096774193547,22.77290322580645,10.316129032258067,12.456774193548386,60.18,71.18612903225808,14.401935483870966,0,0,27,1,16
2012,11,30,30,100.0,True,9.342666666666668,17.07633333333333,3.4490000000000007,13.627333333333334,24.12,67.25466666666667,11.802,0,2,24,0,11
2012,12,31,31,100.0,True,8.629999999999999,14.518709677419356,4.001935483870968,10.516774193548386,145.13000000000002,78.05161290322582,7.702258064516129,0,7,19,2,8
2013,1,31,31,100.0,True,7.714193548387096,13.467741935483868,2.769032258064516,10.698709677419354,163.01,84.98677419354837,8.62032258064516,0,13,21,2,8
2013,2,28,28,100.0,True,5.391785714285715,11.560714285714287,0.3732142857142858,11.187499999999998,125.96000000000001,81.0235714285714,11.534642857142856,0,13,15,1,4
2013,3,31,31,100.0,True,7.53741935483871,14.112903225806452,1.6006451612903225,12.512258064516132,105.66000000000001,77.01806451612903,16.971612903225807,0,16,22,1,5
2013,4,30,30,100.0,True,15.166666666666666,21.271333333333338,9.188666666666666,12.082666666666665,130.69,79.51766666666667,19.754999999999995,0,0,20,1,7
2013,5,31,31,100.0,True,18.80032258064516,24.179032258064517,13.396129032258061,10.782903225806448,127.31000000000002,80.87677419354839,21.60741935483871,0,0,20,2,8
2013,6,30,30,100.0,True,23.915666666666663,28.954000000000004,19.467,9.487,181.85,83.08666666666667,22.15233333333334,0,0,9,1,3
2013,7,31,31,100.0,True,24.963225806451618,29.490967741935478,21.15032258064516,8.340645161290322,308.15000000000003,84.4258064516129,20.07935483870968,0,0,5,2,2
2013,8,31,31,100.0,True,24.0583870967742,28.97387096774193,19.82774193548387,9.146129032258065,172.61,82.95451612903226,18.36935483870968,0,0,9,0,5
2013,9,30,30,100.0,True,21.381999999999998,27.109999999999996,16.216666666666665,10.893333333333334,63.08,78.64233333333335,18.62366666666667,0,0,24,0,8
2013,10,31,31,100.0,True,16.436129032258066,22.52935483870967,11.008387096774193,11.520967741935484,30.190000000000005,77.16258064516127,14.130322580645165,0,1,28,0,14
2013,11,30,30,100.0,True,8.085333333333333,14.70166666666667,2.3183333333333334,12.383333333333333,95.26,71.73466666666668,11.352333333333332,0,10,21,1,13
2013,12,31,31,100.0,True,7.452903225806451,12.965161290322579,2.7048387096774196,10.26032258064516,214.72,83.08032258064519,7.869354838709677,0,11,16,2,5
2014,1,31,31,100.0,True,1.1225806451612903,7.126774193548387,-3.8770967741935487,11.003870967741937,90.24000000000001,77.51870967741934,10.663548387096775,0,26,22,2,13
2014,2,28,28,100.0,True,6.374999999999999,12.339285714285714,1.3260714285714286,11.013214285714286,87.28000000000002,82.92107142857141,13.074642857142859,0,9,15,0,7
2014,3,31,31,100.0,True,8.517096774193547,15.253225806451615,2.175806451612903,13.077419354838707,103.99,79.91451612903226,15.959354838709677,0,10,20,1,5
2014,4,30,30,100.0,True,15.487333333333332,21.612333333333332,9.801666666666668,11.810666666666664,117.81000000000002,79.993,19.509666666666664,0,1,20,1,5
2014,5,31,31,100.0,True,20.806451612903228,26.501935483870966,15.14774193548387,11.354193548387096,88.73,79.37935483870969,23.153225806451612,0,0,20,1,8
2014,6,30,30,100.0,True,25.18,31.078333333333333,19.75366666666667,11.324666666666667,89.56000000000002,74.78,23.43233333333334,0,0,11,0,4
2014,7,31,31,100.0,True,26.026129032258066,32.56967741935484,20.228064516129038,12.341612903225803,105.46000000000001,68.69,22.08709677419355,6,0,15,0,4
2014,8,31,31,100.0,True,25.84225806451613,32.717419354838704,19.666451612903224,13.050967741935484,81.29,67.13741935483871,21.296774193548387,7,0,17,0,6
2014,9,30,30,100.0,True,23.081666666666663,29.499999999999996,18.082666666666668,11.417333333333339,103.33000000000001,74.83200000000001,15.379,0,0,15,0,9
2014,10,31,31,100.0,True,16.97193548387097,24.29903225806451,10.744193548387099,13.55483870967742,86.56000000000002,73.0567741935484,15.26741935483871,0,0,23,1,17
2014,11,30,30,100.0,True,7.707333333333334,15.18533333333333,1.793,13.392333333333333,104.79000000000002,69.63566666666667,11.707333333333333,0,14,22,1,9
2014,12,31,31,100.0,True,7.445806451612902,13.293548387096775,3.0341935483870968,10.259354838709676,103.14999999999999,83.8016129032258,8.13258064516129,0,6,22,1,9
2015,1,31,31,100.0,True,4.1641935483870975,10.035483870967743,-0.7706451612903225,10.806129032258065,87.10000000000002,79.38516129032259,9.987741935483871,0,20,24,0,9
2015,2,28,28,100.0,True,2.730714285714286,8.952142857142857,-2.9092857142857143,11.861428571428572,90.26000000000002,75.65285714285714,12.506785714285712,0,22,16,0,6
2015,3,31,31,100.0,True,11.869032258064516,18.20967741935484,6.24741935483871,11.962258064516128,73.46999999999998,80.21806451612902,14.432580645161293,0,4,20,0,5
2015,4,30,30,100.0,True,16.884333333333338,22.53566666666666,11.393,11.142666666666669,138.48000000000002,80.98466666666668,17.587333333333333,0,0,15,2,4
2015,5,31,31,100.0,True,21.633870967741938,28.08709677419355,15.543870967741936,12.543225806451611,54.78999999999999,74.17258064516129,24.77387096774193,0,0,22,0,9
2015,6,30,30,100.0,True,26.344999999999995,32.846666666666664,20.340999999999998,12.505666666666666,109.03000000000002,70.12433333333334,24.81766666666667,11,0,15,0,6
2015,7,31,31,100.0,True,27.79806451612903,34.34967741935483,21.931935483870966,12.417741935483871,80.15999999999998,68.06451612903227,22.48548387096774,17,0,13,0,5
2015,8,31,31,100.0,True,26.601935483870967,33.086451612903225,21.151612903225804,11.93483870967742,124.17,66.96838709677421,20.737741935483875,6,0,18,0,6
2015,9,30,30,100.0,True,22.831666666666663,29.211666666666666,17.778,11.433666666666666,107.80999999999999,71.94599999999998,16.201333333333334,0,0,18,1,13
2015,10,31,31,100.0,True,15.65935483870968,21.328064516129032,10.521290322580645,10.806774193548385,224.07999999999996,79.81935483870966,13.126129032258063,0,0,21,2,12
2015,11,30,30,100.0,True,12.374333333333333,18.03366666666667,7.660333333333331,10.373333333333331,225.38999999999996,84.51066666666665,8.797333333333334,0,3,18,4,9
2015,12,31,31,100.0,True,12.593548387096776,17.47967741935484,8.299032258064516,9.180645161290322,266.88,89.52161290322583,7.704516129032259,0,4,15,5,11
2016,1,31,31,100.0,True,3.241935483870969,8.729354838709677,-1.2135483870967745,9.942903225806452,80.53,84.85677419354839,10.35193548387097,0,21,23,2,7
2016,2,29,29,100.0,True,6.573793103448275,12.39137931034483,1.8151724137931031,10.576206896551726,101.60000000000001,82.60310344827589,12.65793103448276,0,14,21,1,10
2016,3,31,31,100.0,True,13.541935483870969,19.70032258064516,7.720645161290322,11.979677419354841,60.32000000000001,81.8625806451613,17.281290322580645,0,1,22,0,9
2016,4,30,30,100.0,True,15.626,21.699000000000005,9.596333333333332,12.102666666666666,40.93,76.56033333333335,21.960333333333327,0,1,23,0,9
2016,5,31,31,100.0,True,19.766451612903225,25.624193548387094,14.33258064516129,11.29161290322581,111.19,77.95129032258065,22.942258064516132,0,0,16,1,6
2016,6,30,30,100.0,True,26.966333333333335,33.956,20.446666666666665,13.50933333333333,54.470000000000006,64.90933333333332,25.084666666666667,13,0,18,0,7
2016,7,31,31,100.0,True,29.257741935483867,36.1683870967742,22.869032258064518,13.299354838709679,79.08000000000001,63.1574193548387,24.08516129032258,22,0,10,0,3
2016,8,31,31,100.0,True,27.804516129032255,34.31967741935484,22.331612903225807,11.988064516129032,119.51,70.03064516129034,20.886774193548383,10,0,8,0,4
2016,9,30,30,100.0,True,25.207666666666665,32.522,19.386333333333333,13.135666666666667,60.120000000000005,66.086,19.26833333333333,7,0,23,1,9
2016,10,31,31,100.0,True,18.97645161290323,27.39774193548388,12.32774193548387,15.07,18.810000000000002,62.96935483870966,16.54258064516129,0,0,29,0,23
2016,11,30,30,100.0,True,12.777666666666669,20.929333333333332,6.603666666666666,14.325666666666669,53.69,58.656,12.082,0,3,26,1,14
2016,12,31,31,100.0,True,7.046774193548386,13.06741935483871,2.1193548387096772,10.948064516129032,71.27,76.19096774193548,7.707096774193547,0,10,24,0,9
2017,1,31,31,100.0,True,8.537419354838711,14.187419354838712,3.618064516129033,10.569354838709677,129.7,84.20935483870967,9.383870967741935,0,9,20,2,8
2017,2,28,28,100.0,True,10.84964285714286,17.83392857142857,4.5371428571428565,13.296785714285717,41.959999999999994,78.21285714285715,13.701785714285714,0,6,21,0,6
2017,3,31,31,100.0,True,11.358387096774196,18.165161290322576,5.086129032258065,13.079032258064515,88.54,73.83709677419357,17.612258064516126,0,8,17,0,4
2017,4,30,30,100.0,True,18.295666666666666,24.706666666666663,12.588666666666667,12.117999999999999,155.72,78.32133333333331,19.202333333333335,0,0,18,3,7
2017,5,31,31,100.0,True,20.764193548387098,27.00645161290322,14.849354838709678,12.157096774193551,149.30999999999997,76.21322580645162,21.72483870967742,0,0,16,1,6
2017,6,30,30,100.0,True,24.387999999999998,29.80866666666667,19.326,10.482666666666667,149.03,75.40499999999999,22.506333333333334,0,0,10,1,4
2017,7,31,31,100.0,True,27.38387096774193,33.83032258064516,21.82483870967742,12.00548387096774,87.75999999999999,71.57032258064517,24.83774193548387,9,0,12,0,5
2017,8,31,31,100.0,True,25.960000000000004,32.24322580645161,20.363548387096778,11.87967741935484,102.71,69.2490322580645,19.802580645161292,4,0,17,0,8
2017,9,30,30,100.0,True,22.472666666666665,29.144000000000002,16.406666666666663,12.737333333333334,92.94,67.85133333333333,18.990666666666662,0,0,25,1,18
2017,10,31,31,100.0,True,17.750322580645157,24.95,11.556774193548387,13.393225806451612,129.94,71.73935483870967,14.888064516129031,0,1,23,2,7
2017,11,30,30,100.0,True,10.827333333333334,17.618,5.369,12.249,30.060000000000002,77.23566666666669,10.899333333333333,0,1,25,0,12
2017,12,31,31,100.0,True,6.085806451612904,12.042258064516131,1.481290322580645,10.560967741935487,75.96000000000001,79.80709677419355,8.271290322580645,0,15,25,1,10
2018,1,31,31,100.0,True,2.7616129032258065,9.051612903225807,-2.4177419354838707,11.469354838709679,97.57999999999998,74.94935483870967,10.63258064516129,0,21,24,1,10
2018,2,28,28,100.0,True,11.936785714285714,17.354642857142856,7.087857142857142,10.266785714285716,134.11,85.46571428571428,9.797142857142857,0,6,15,2,5
2018,3,31,31,100.0,True,9.5758064516129,15.786129032258069,3.42741935483871,12.358709677419357,84.72,77.57580645161292,15.749354838709678,0,9,21,0,4
2018,4,30,30,100.0,True,13.960333333333333,20.302666666666667,7.156666666666666,13.146000000000004,122.43999999999998,76.273,20.35066666666667,0,1,22,2,6
2018,5,31,31,100.0,True,22.120967741935484,27.55483870967742,17.108064516129033,10.446774193548384,209.32000000000002,80.91419354838709,21.245806451612903,0,0,11,2,6
2018,6,30,30,100.0,True,25.808,31.475333333333335,20.662333333333333,10.812999999999999,89.05000000000001,77.99266666666668,25.34766666666666,2,0,9,0,4
2018,7,31,31,100.0,True,26.328064516129032,31.770322580645157,21.36193548387097,10.408387096774193,127.91,75.36354838709678,22.47612903225806,1,0,9,0,4
2018,8,31,31,100.0,True,26.04290322580645,31.83096774193549,20.84483870967742,10.986129032258065,122.60999999999999,74.5974193548387,21.61032258064516,1,0,15,1,10
2018,9,30,30,100.0,True,26.016000000000002,32.20266666666667,21.198999999999998,11.003666666666666,89.38000000000004,73.17633333333333,17.002,0,0,16,1,7
2018,10,31,31,100.0,True,17.947096774193547,24.573870967741943,12.424516129032256,12.149354838709677,125.55000000000003,74.2383870967742,14.611612903225806,0,0,24,2,8
2018,11,30,30,100.0,True,8.554,14.010666666666667,3.622333333333333,10.388333333333332,185.36,85.187,9.542000000000002,0,5,14,2,7
2018,12,31,31,100.0,True,6.661290322580646,11.26741935483871,2.700967741935484,8.566451612903226,235.11,88.53225806451613,7.394193548387097,0,9,17,4,5
2019,1,31,31,100.0,True,5.669032258064514,11.372258064516128,0.8561290322580647,10.516129032258066,128.18,84.22612903225809,9.571612903225807,0,16,20,2,7
2019,2,28,28,100.0,True,9.706428571428573,15.005357142857145,4.897857142857143,10.1075,136.51999999999998,84.9092857142857,9.857857142857144,0,3,13,0,9
2019,3,31,31,100.0,True,10.383225806451613,16.53870967741935,4.735806451612905,11.802903225806451,77.89,78.9883870967742,16.39,0,4,24,1,9
2019,4,30,30,100.0,True,16.740666666666666,22.973333333333333,10.851666666666667,12.121666666666664,102.30000000000001,79.518,20.26366666666667,0,0,19,1,5
2019,5,31,31,100.0,True,23.080000000000005,28.887741935483866,17.542580645161287,11.345161290322583,61.28,76.60129032258064,23.94129032258065,0,0,24,0,10
2019,6,30,30,100.0,True,24.197,29.692,19.258333333333336,10.433666666666666,144.89,76.31533333333333,21.933999999999994,0,0,14,2,4
2019,7,31,31,100.0,True,27.70806451612904,34.04741935483871,21.930322580645164,12.117096774193548,78.01,67.98741935483869,22.718387096774194,12,0,15,0,7
2019,8,31,31,100.0,True,26.854516129032266,33.69967741935484,20.948064516129037,12.751612903225807,124.63,69.35032258064516,21.11935483870968,13,0,12,0,4
2019,9,30,30,100.0,True,26.65833333333334,34.470666666666666,19.951666666666664,14.518999999999998,14.84,59.313333333333325,20.348,16,0,27,0,15
2019,10,31,31,100.0,True,19.915483870967744,26.833870967741937,13.677419354838708,13.156451612903224,126.73999999999998,67.67387096774193,12.856129032258064,4,0,19,2,4
2019,11,30,30,100.0,True,8.873666666666667,15.558,3.3133333333333335,12.244666666666665,73.90000000000002,75.32933333333334,10.953333333333331,0,4,20,1,6
2019,12,31,31,100.0,True,8.076451612903226,13.439032258064515,3.212903225806451,10.226129032258065,171.09,81.73032258064514,8.893548387096772,0,8,18,2,7
2020,1,31,31,100.0,True,7.668387096774193,12.796774193548389,2.9906451612903227,9.806129032258065,169.39,85.3341935483871,9.220645161290324,0,9,18,2,6
2020,2,29,29,100.0,True,8.242068965517241,13.358965517241378,3.4834482758620697,9.87551724137931,231.43,86.46206896551725,10.199655172413792,0,10,15,1,4
2020,3,31,31,100.0,True,13.975806451612906,19.190322580645162,9.153548387096773,10.036774193548391,123.07000000000002,86.21096774193548,12.926774193548388,0,3,19,1,10
2020,4,30,30,100.0,True,15.297,21.696999999999996,8.956,12.741000000000001,152.36,76.37033333333333,22.11433333333333,0,0,20,1,11
2020,5,31,31,100.0,True,18.851935483870967,24.323548387096775,13.416129032258064,10.90741935483871,157.9,80.30225806451614,21.611935483870965,0,0,16,3,8
2020,6,30,30,100.0,True,23.77233333333334,29.076333333333334,18.993333333333336,10.083,69.11,79.532,23.128333333333337,0,0,11,0,3
2020,7,31,31,100.0,True,27.650322580645163,33.68677419354839,22.034193548387094,11.652580645161288,101.00000000000001,71.14129032258063,24.093870967741935,11,0,13,0,8
2020,8,31,31,100.0,True,26.62258064516129,32.55903225806451,21.49903225806451,11.06,154.54000000000002,74.91741935483871,20.235483870967737,5,0,5,1,2
2020,9,30,30,100.0,True,21.945666666666668,27.896333333333338,16.953666666666667,10.942666666666666,152.31000000000003,76.64200000000001,16.067333333333334,0,0,15,1,7
2020,10,31,31,100.0,True,17.951612903225808,24.318064516129024,12.310967741935482,12.00709677419355,108.48,80.52870967741936,14.247741935483873,0,0,23,1,9
2020,11,30,30,100.0,True,12.945333333333336,19.539333333333335,7.423333333333333,12.116000000000001,109.95000000000002,78.49533333333333,11.453333333333335,0,1,21,1,12
2020,12,31,31,100.0,True,5.616129032258065,11.951290322580643,0.25548387096774183,11.695806451612905,86.9,81.88,9.709999999999999,0,15,22,1,5
2021,1,31,31,100.0,True,5.530645161290323,11.276451612903227,0.7525806451612903,10.523870967741937,107.54999999999998,83.85645161290321,9.334516129032258,0,16,21,1,13
2021,2,28,28,100.0,True,6.3725000000000005,12.764285714285714,1.0667857142857142,11.697500000000002,115.22000000000001,83.57142857142857,11.165357142857145,0,11,14,0,4
2021,3,31,31,100.0,True,12.361290322580645,18.33096774193549,6.673870967741936,11.657096774193546,126.81,80.00903225806452,14.665161290322578,0,2,20,1,12
2021,4,30,30,100.0,True,15.283666666666663,21.913333333333334,8.840333333333335,13.072999999999999,50.309999999999995,74.17366666666668,22.63233333333333,0,2,27,1,13
2021,5,31,31,100.0,True,19.87193548387097,25.885483870967736,13.863870967741933,12.021612903225806,84.60000000000001,73.91387096774191,23.075483870967744,0,0,22,0,12
2021,6,30,30,100.0,True,24.74366666666667,30.45033333333333,19.559000000000005,10.891333333333336,127.32,74.59266666666667,22.455000000000005,0,0,13,1,6
2021,7,31,31,100.0,True,26.658064516129034,33.0625806451613,21.068709677419356,11.993870967741936,130.85999999999999,71.31709677419354,22.24483870967742,7,0,10,1,5
2021,8,31,31,100.0,True,26.656774193548383,33.037419354838704,21.354193548387098,11.683225806451611,132.74,71.99483870967741,20.190000000000005,9,0,16,1,4
2021,9,30,30,100.0,True,22.572,29.3,16.695666666666664,12.604333333333335,76.94,70.828,17.907666666666668,0,0,18,0,8
2021,10,31,31,100.0,True,17.851612903225806,23.8641935483871,12.874516129032257,10.989677419354841,149.35000000000005,81.1632258064516,13.298709677419353,0,0,20,2,11
2021,11,30,30,100.0,True,8.914666666666669,16.078666666666667,3.1016666666666666,12.977000000000002,21.35,71.75166666666665,12.315999999999999,0,8,27,0,10
2021,12,31,31,100.0,True,10.618064516129031,16.813225806451616,5.532903225806452,11.280322580645164,86.5,82.14096774193548,7.930967741935483,0,5,22,0,7
2022,1,31,31,100.0,True,4.155161290322581,10.30709677419355,-0.626774193548387,10.933870967741935,92.56,78.52806451612904,10.466129032258065,0,22,25,1,11
2022,2,28,28,100.0,True,8.4675,15.244642857142859,2.2914285714285714,12.953214285714287,98.40000000000002,80.34785714285714,12.792142857142855,0,10,19,1,9
2022,3,31,31,100.0,True,12.274516129032255,19.03322580645161,6.331290322580645,12.70193548387097,140.93,77.20709677419356,16.473870967741938,0,2,19,1,7
2022,4,30,30,100.0,True,15.216666666666667,21.910666666666664,8.464666666666666,13.446,131.83,75.31733333333334,21.084999999999997,0,0,23,2,8
2022,5,31,31,100.0,True,21.6816129032258,27.96645161290322,15.616774193548387,12.349677419354837,94.24000000000001,72.80387096774194,23.175483870967742,0,0,20,2,6
2022,6,30,30,100.0,True,26.651666666666664,33.836,19.866666666666664,13.969333333333333,50.900000000000006,61.86,24.202666666666666,10,0,20,0,6
2022,7,31,31,100.0,True,28.017419354838704,34.616129032258065,22.28064516129032,12.335483870967742,117.17999999999999,70.52000000000001,21.91193548387097,16,0,9,0,3
2022,8,31,31,100.0,True,26.543870967741935,32.98516129032258,21.339354838709678,11.645806451612902,83.51,70.96322580645162,19.26129032258065,5,0,8,0,2
2022,9,30,30,100.0,True,22.637666666666668,29.671666666666667,16.703999999999997,12.96766666666667,95.97999999999998,67.13033333333333,18.096333333333334,3,0,17,1,9
2022,10,31,31,100.0,True,15.610967741935484,23.687741935483878,9.12967741935484,14.558064516129035,35.64,63.73645161290324,15.502903225806453,0,0,27,0,13
2022,11,30,30,100.0,True,11.884666666666668,18.280666666666665,6.505333333333334,11.775333333333334,141.29000000000002,73.29033333333334,10.505,0,6,20,3,8
2022,12,31,31,100.0,True,5.830322580645162,11.163225806451614,1.5238709677419353,9.639354838709677,116.57,83.58129032258066,7.2293548387096775,0,13,17,1,7
2023,1,31,31,100.0,True,8.193225806451613,13.91,3.432258064516129,10.477741935483873,176.74,84.83774193548386,8.629354838709677,0,7,21,3,4
2023,2,28,28,100.0,True,11.296785714285713,16.87392857142857,6.117857142857143,10.756071428571428,94.50000000000001,84.46428571428571,11.273571428571431,0,4,17,0,5
2023,3,31,31,100.0,True,12.012580645161291,18.39774193548387,5.998709677419355,12.399032258064516,91.28,76.8258064516129,16.88064516129032,0,5,22,0,6
2023,4,30,30,100.0,True,15.838666666666667,21.912333333333333,9.709666666666667,12.202666666666666,163.11,77.942,19.139000000000003,0,0,17,2,5
2023,5,31,31,100.0,True,18.79838709677419,24.08225806451613,13.871612903225806,10.210645161290321,82.53999999999999,79.9767741935484,20.801612903225813,0,0,15,0,6
2023,6,30,30,100.0,True,22.89066666666667,28.516999999999992,17.601999999999997,10.915,137.88999999999996,77.18133333333334,21.927666666666667,0,0,17,1,5
2023,7,31,31,100.0,True,27.61967741935484,34.02935483870967,21.93,12.099354838709678,80.69999999999999,70.1774193548387,23.30612903225806,8,0,11,0,4
2023,8,31,31,100.0,True,27.32,34.36838709677419,21.366129032258065,13.002258064516129,117.66999999999999,68.81032258064518,20.869677419354836,11,0,15,1,11
2023,9,30,30,100.0,True,23.776333333333337,31.079666666666665,17.804333333333332,13.27533333333334,48.84,66.97866666666665,18.878,4,0,22,0,13
2023,10,31,31,100.0,True,17.451290322580643,25.433548387096774,10.993225806451616,14.44032258064516,36.03,64.80967741935484,15.559032258064514,0,0,26,0,11
2023,11,30,30,100.0,True,11.482,18.927666666666667,5.660666666666667,13.267,37.25,62.63033333333335,11.196333333333333,0,4,26,0,10
2023,12,31,31,100.0,True,7.933870967741935,14.12258064516129,2.680322580645162,11.442258064516128,133.09,74.30032258064514,8.860645161290323,0,10,22,3,7
2024,1,31,31,100.0,True,5.085161290322581,11.013225806451612,-0.01774193548387092,11.030967741935482,212.6,80.81870967741936,10.142580645161289,0,19,21,4,6
2024,2,29,29,100.0,True,8.744137931034484,14.990344827586206,3.000689655172414,11.989655172413793,78.25,79.53448275862071,12.840689655172412,0,7,22,1,10
2024,3,31,31,100.0,True,12.580967741935483,19.124193548387094,6.628709677419354,12.495483870967742,167.20000000000002,80.31903225806451,16.22225806451613,0,2,21,3,6
2024,4,30,30,100.0,True,16.825,23.25133333333333,10.899333333333336,12.352,62.089999999999996,77.77199999999999,20.298333333333332,0,0,23,0,8
2024,5,31,31,100.0,True,21.851935483870975,26.996129032258068,16.776774193548384,10.219354838709679,135.42000000000002,80.20645161290321,20.978064516129038,0,0,12,1,4
2024,6,30,30,100.0,True,26.373,33.08266666666667,20.091,12.991666666666667,51.44,67.233,24.36133333333333,11,0,21,0,12
2024,7,31,31,100.0,True,28.108709677419355,34.68290322580646,22.588387096774188,12.094516129032256,160.89000000000001,69.31419354838711,22.1283870967742,16,0,11,1,6
2024,8,31,31,100.0,True,26.505161290322583,33.44580645161291,20.609677419354842,12.83612903225806,77.96000000000001,68.84096774193547,22.241290322580642,9,0,13,0,11
2024,9,30,30,100.0,True,23.438000000000002,29.44266666666667,18.70133333333333,10.741333333333332,239.14000000000001,73.03699999999999,15.187333333333331,1,0,18,2,9
2024,10,31,31,100.0,True,17.25129032258064,24.47903225806452,11.31225806451613,13.166774193548388,2.43,73.44064516129032,16.32548387096774,0,0,30,0,25
2024,11,30,30,100.0,True,13.627999999999998,20.31066666666666,8.460666666666667,11.850000000000001,62.699999999999996,77.72933333333332,9.818333333333333,0,2,20,1,5
2024,12,31,31,100.0,True,6.404516129032257,12.806774193548387,1.2070967741935485,11.59967741935484,115.89000000000001,78.69290322580643,8.950645161290325,0,14,23,1,8
2025,1,31,31,100.0,True,2.415161290322581,9.104838709677422,-2.703548387096774,11.808387096774192,50.059999999999995,75.19806451612902,11.004516129032256,0,25,23,0,7
2025,2,28,28,100.0,True,8.727500000000001,15.349285714285712,2.8857142857142852,12.463571428571427,93.96,78.77428571428571,13.069642857142862,0,9,23,2,12
2025,3,31,31,100.0,True,12.203225806451611,19.503225806451614,5.4477419354838705,14.055483870967741,76.99,74.23967741935483,17.854838709677416,0,2,25,0,7
2025,4,30,30,100.0,True,17.843999999999998,24.684000000000005,11.456666666666667,13.22733333333333,97.76,75.37433333333334,20.15266666666667,0,0,20,1,10
2025,5,31,31,100.0,True,20.508064516129032,25.8858064516129,15.535483870967745,10.350322580645162,179.99,79.98709677419355,18.71032258064516,0,0,11,1,3
2025,6,30,30,100.0,True,25.85733333333333,31.87666666666666,20.562,11.31466666666667,95.94000000000001,75.89966666666668,24.257333333333335,6,0,12,0,5
2025,7,31,31,100.0,True,29.037741935483872,36.00290322580645,22.888387096774196,13.114516129032257,92.89999999999998,65.90483870967742,24.46064516129032,21,0,15,0,6
2025,8,31,31,100.0,True,24.199032258064516,29.444193548387098,19.602903225806454,9.841290322580642,211.04000000000002,78.99870967741936,17.613225806451613,1,0,10,2,7
2025,9,30,30,100.0,True,22.863333333333337,29.544333333333334,17.028333333333332,12.516000000000002,51.580000000000005,68.92233333333334,18.350666666666665,0,0,19,0,8
2025,10,31,31,100.0,True,16.684516129032257,23.588064516129034,11.149999999999997,12.43806451612903,83.9,68.6522580645161,14.009354838709676,0,0,24,1,12
2025,11,30,30,100.0,True,11.318000000000001,18.894333333333332,5.207666666666667,13.686666666666666,22.44,70.17033333333333,12.248333333333335,0,6,25,0,12
2025,12,31,31,100.0,True,6.356129032258065,12.817096774193546,0.8490322580645163,11.96806451612903,48.28,76.65999999999998,8.906774193548388,0,17,25,0,12
